[

   {
    "name": "Somoto"
  },
   {
    "name": "Leon"
  },
     {
    "name": "San Juan del Sur"
  },
   {
    "name": "Granada"
  },
    {
    "name": "Matagalpa"
  },
  {
    "name": "Bluefields"
  },
  {
    "name": "Managua"
  },
  {
    "name": "Chinandega"
  },
  {
    "name": "Masaya"
  },
  {
    "name": "Boaco"
  },
  {
    "name": "Carazo"
  },
  {
    "name": "Chontales"
  },
   {
    "name": "Esteli"
  },
  {
    "name": "Jinotega"
  },
  {
    "name": "Madriz"
  },
  {
    "name": "Nueva Segovia"
  },
  {
    "name": "Rio San Juan"
  }
]
